a,1
a,2
a,3
a,4
a,5
a,6
a,1
a,2
a,3
a,4
w,5
w,6
w,7
w,8
w,9
w,10
w,11
w,12
w,13
w,14
w,15
w,16
w,17
w,18
w,19
w,20
w,21
w,22
w,23
w,24
w,25
w,26
w,27
w,28
w,29
w,30
w,31
w,32
w,33
w,34
w,35
w,36
w,37
w,38
w,39
w,1
w,2
w,3
w,4
w,5
w,6
w,7
w,8
w,9
w,10
w,11
w,12
w,13
w,14
w,15
a,1
a,2
a,3
a,4
a,5
a,6
a,7
a,8
a,9
a,10
a,11
a,12
a,13
a,14
a,15
a,1
a,2
a,3
a,4
a,5
a,6
w,1
w,2
w,3
w,4
w,5
w,6
w,7
w,8
w,9
w,10
w,11
w,12
w,13
w,14
w,15
w,16
w,17
w,18
w,19
w,20
w,21
w,22
w,23
w,24
w,25
w,26
w,27
w,28
w,29
w,30
w,31
w,32
w,33
w,34
w,35
w,36
w,37
w,38
w,39
w,40
w,41
w,42
w,43
w,44
w,45
w,46
w,47
w,48
w,49
w,50
w,51
w,52
w,53
w,54
a,1
w,1
w,2
w,3
w,4
w,5
w,6
w,7
w,8
w,9
w,1
w,2
w,3
w,4
w,5
w,1
w,2
w,3
w,4
w,5
w,6
w,7
a,1
a,2
a,3
a,4
a,5
a,6
a,7
a,8
a,9
a,10
a,11
a,12
a,13
a,1
a,2
a,1
a,2
d,1
d,2
d,1
w,1
w,2
w,3
w,4
w,5
w,6
w,7
w,8
w,9
w,10
w,11
w,12
w,13
w,14
w,15
w,16
w,17
w,18
w,19
w,20
w,21
w,22
w,23
w,24
w,25
w,26
w,27
w,28
w,29
w,30
w,31
w,32
w,33
w,34
w,35
w,36
w,37
w,38
w,39
w,40
w,41
w,42
w,43
w,1
w,2
w,3
w,4
w,5
w,6
w,7
w,8
w,9
w,10
w,11
w,12
w,13
w,14
w,15
w,16
w,17
w,1
w,2
w,3
w,4
w,5
w,6
w,7
w,8
w,9
w,10
w,11
w,12
w,13
a,1
a,2
a,3
a,4
a,5
a,6
a,7
a,8
a,9
a,10
a,11
a,12
a,13
a,14
a,15
a,16
d,1
d,1
w,1
w,2
w,3
w,4
w,5
w,6
w,7
w,8
w,9
w,10
w,11
w,12
w,13
w,14
w,15
w,16
w,17
w,18
w,19
w,20
w,21
w,22
w,23
w,24
w,25
w,26
w,27
w,28
w,29
w,30
w,31
w,32
w,33
w,34
w,35
w,36
w,37
w,38
w,39
w,40
w,41
w,42
w,43
w,44
w,45
w,46
w,47
w,48
w,49
w,50
w,51
w,52
w,53
w,54
w,55
w,56
w,57
w,58
w,59
w,60
w,61
w,1
w,2
w,3
w,4
d,5
d,6
d,7
d,8
d,9
d,10
d,11
d,12
d,13
d,14
d,15
d,16
d,17
d,18
a,1
a,2
a,3
a,1
a,2
a,3
a,4
w,1
w,2
w,3
w,4
w,5
w,6
w,7
w,8
w,9
w,10
w,11
w,12
w,13
w,14
w,15
w,16
w,17
w,18
w,19
w,20
w,21
w,22
w,23
w,24
w,25
w,26
w,27
w,28
w,29
w,30
w,31
w,32
w,33
w,34
w,35
w,36
w,37
w,38
w,39
w,40
w,41
w,42
w,43
w,44
w,45
w,1
w,2
w,3
w,4
w,5
w,6
w,7
w,8
w,9
w,10
w,11
w,12
w,13
w,14
w,15
w,16
d,1
d,2
d,3
d,4
d,5
d,6
d,7
d,8
d,9
d,10
d,11
d,12
d,13
d,1
d,2
d,3
d,4
d,5
d,6
d,1
d,2
d,3
d,4
d,5
d,6
d,7
d,8
a,1
a,2
a,3
a,4
a,5
a,6
a,1
w,1
w,2
w,3
w,4
w,5
w,6
w,7
w,8
w,9
w,10
w,11
w,12
w,13
w,14
w,15
w,16
w,17
w,18
w,19
w,20
w,21
w,22
w,23
w,24
w,25
w,26
w,27
w,28
w,29
w,30
w,31
w,32
w,33
w,34
w,35
w,36
w,37
w,38
w,39
w,40
w,41
w,42
w,43
w,44
w,45
w,46
w,47
w,48
w,49
w,50
w,51
w,52
w,53
w,54
w,55
